title,text,label
Scientists Discover New Exoplanet in Habitable Zone with Water Vapor Signatures,Astronomers using the James Webb Space Telescope have identified atmospheric water vapor signatures on exoplanet LHS 1140 b. The planet orbits within the habitable zone of its red dwarf star located 48 light-years away in the constellation Cetus. Researchers confirmed the findings through repeated transit spectroscopy observations published in Astrophysical Journal Letters.,reliable
Federal Reserve Holds Interest Rates Steady Amid Cooling Inflation Data,The Federal Reserve announced it will maintain the benchmark federal funds rate at 5.25 to 5.50 percent following a two-day policy meeting. Chairman Jerome Powell cited continuing moderations in consumer price indices and steady employment figures as primary factors in the unanimous monetary policy committee decision.,reliable
Miracle Herb Completely Cures All Cancers in 24 Hours Government Hiding It!,SHOCKING DISCOVERY! Top secret researchers reveal that this ordinary backyard plant 100% ELIMINATES every type of malignant tumor in under 24 hours! Corrupt medical cartels and globalist governments are frantically censoring this miraculous cure to protect trillion-dollar pharmaceutical profits! Click here before this secret video gets banned forever!,unreliable
Global Renewable Energy Capacity Grew by 50 Percent in 2023 Reports IEA,"According to the International Energy Agency annual market report, worldwide renewable electricity capacity additions reached 510 gigawatts in 2023, representing a 50 percent increase over the previous year. Solar photovoltaic installations accounted for three-quarters of new renewable capacity worldwide.",reliable
SECRET MICROCHIPS FOUND IN ALL TAP WATER TO CONTROL HUMAN THOUGHTS!,URGENT WARNING TO ALL PATRIOTS! Whistleblowers have leaked definitive proof that municipal tap water supplies nationwide are heavily contaminated with microscopic nanotechnology transmitters designed by sinister billionaires to manipulate human brainwaves and control elections! Share immediately with everyone you know before internet gets shut down!,unreliable
World Health Organization Releases Updated Air Quality Guidelines for Particulate Matter,"The World Health Organization has published revised global air quality guidelines, adjusting recommended exposure thresholds for fine particulate matter PM2.5 and nitrogen dioxide based on over 500 systematic health review studies conducted across multiple continents.",reliable
ALIENS OFFICIALLY LAND AT EIFFEL TOWER FRENCH ARMY SURRENDERS COMPLETELY!,HISTORIC INVASION HAPPENING RIGHT NOW! Giant extraterrestrial motherships have descended directly over Paris and landed near the Eiffel Tower! French armed forces laid down all weapons and surrendered immediately to alien commanders as millions of terrified tourists watch in absolute shock!,unreliable
Archaeologists Unearth 3000-Year-Old Bronze Age Settlement in Northern England,"Excavations conducted by Historic England and university researchers have uncovered remarkably preserved wooden roundhouses, bronze tools, and ceramic pottery dating back to approximately 1000 BCE. The waterlogged peat conditions preserved organic materials including woven textiles and wooden utensils.",reliable
EATING BANANA PEELS REVERSES AGING BY 40 YEARS IN THREE DAYS GUARANTEED!,DOCTORS HATE THIS ONE WEIRD TRICK! Revolutionary underground study proves that eating boiled banana peel paste completely reverses cellular aging by four decades in just 72 hours! Big Pharma executives are desperately trying to outlaw bananas after this explosive revelation!,unreliable
Clinical Trial Shows Promising Results for mRNA-Based Malaria Vaccine Candidate,"Results from a Phase 1/2 clinical trial involving 400 participants demonstrate that an experimental mRNA malaria vaccine developed by BioNTech induced strong antibody and T-cell responses against Plasmodium falciparum, according to peer-reviewed data published in The Lancet Infectious Diseases.",reliable
SECRET TIME TRAVEL MACHINE DISCOVERED UNDER PYRAMIDS OF GIZA!,ANCIENT SECRETS EXPOSED! Elite military engineers excavating beneath the Great Pyramid have activated a functioning quantum time machine left behind by ancient demigods! The United Nations is preparing an emergency coverup to hide the portal from the public!,unreliable
European Central Bank Announces Comprehensive Climate Risk Stress Test for Lenders,The European Central Bank supervisory board has finalized climate risk stress test methodology for 112 directly supervised banks. The exercise aims to assess institutional resilience against transition risks and extreme weather scenario shocks over a three-year horizon.,reliable
DRINKING BLEACH DESTROYS ALL VIRUSES AND BACTERIA INSTANTLY EXPERTS CONFIRM!,100% GUARANTEED NATURAL DISINFECTANT! Leading alternative wellness gurus confirm that swallowing diluted industrial bleach cleanses your entire bloodstream of all pathogens in seconds! Don't let mainstream science deceive you any longer!,unreliable
NASA Artemis Program Completes Successful Core Stage Hot-Fire Propulsion Test,"NASA engineers conducted a full-duration 500-second hot fire test of the Space Launch System core stage at Stennis Space Center. All four RS-25 engines fired successfully, producing two million pounds of thrust in preparation for upcoming lunar orbital missions.",reliable
GOVERNMENT MANDATES IMPLANTING GPS TRACKERS IN ALL PETS AND CITIZENS BY MIDNIGHT!,THE END OF FREEDOM HAS ARRIVED! Emergency decrees signed in secret midnight sessions require mandatory biometric tracking chips implanted under the skin of every citizen and domestic animal starting tomorrow morning! Refusal punishable by immediate martial law detention!,unreliable
Study Links Mediterranean Diet to Reduced Risk of Cardiovascular Events,"A decade-long prospective cohort study tracking 25,000 adult participants published in the Journal of the American Medical Association found that consistent adherence to a Mediterranean dietary pattern was associated with a 28 percent lower incidence of major cardiovascular events.",reliable
5G TOWERS CAUSING INSTANT FLOCK OF BIRDS TO CATCH FIRE MID-AIR!,TERRIFYING TRUTH REVEALED! Cellular phone companies activated new ultra-frequency 5G transmitters yesterday and thousands of migrating birds immediately combusted and dropped from the sky as flaming balls of fire! The media is refusing to broadcast the apocalyptic footage!,unreliable
UN Climate Summit Concludes with Agreement on Loss and Damage Fund Operations,"Delegates from 198 member nations finalized the operational charter and initial funding pledges for the international Loss and Damage Fund, designed to provide financial assistance to vulnerable developing countries experiencing severe climate-induced disasters.",reliable
BILLIONAIRE CULT PLANNING TO DRAIN PACIFIC OCEAN TO BUILD SECRET GIGACITY!,INSANE CONSPIRACY UNMASKED! Leaked architectural blueprints reveal tech oligarchs are building colossal undersea siphon pumps to drain 90% of Pacific Ocean water into subterranean caverns to construct a private hyper-city for the global elite!,unreliable
Agricultural Scientists Develop Drought-Resilient Wheat Variety with CRISPR,Plant geneticists at the International Maize and Wheat Improvement Center have engineered a wheat variety demonstrating 35% higher yields under severe drought conditions by modifying the TaDREB transcript factor using precise CRISPR-Cas9 gene editing techniques.,reliable
SECRET ILLUMINATI SATELLITE CONTROLS WEATHER TO SINK ISLANDS!,EXCLUSIVE LEAK! Former satellite commander exposes covert weather manipulation satellites causing artificial tsunamis to submerge sovereign islands and depopulate continents! Download the leaked coordinates now!,unreliable
Nobel Prize in Chemistry Awarded for Computational Protein Design and Structure Prediction,"The Royal Swedish Academy of Sciences awarded the 2024 Nobel Prize in Chemistry to David Baker for computational protein design, and jointly to Demis Hassabis and John Jumper for protein structure prediction using the AlphaFold2 artificial intelligence model.",reliable
DRINKING LIQUID MERCURY GIVES SUPERHUMAN TELEPATHIC POWERS SCIENTISTS ADMIT!,UNBELIEVABLE BREAKTHROUGH! Secret Russian military laboratories prove that consuming purified liquid mercury awakens dormant psychic abilities and allows telepathic mind control! Medical authorities are hiding this miracle elixer!,unreliable
Semiconductor Consortium Announces 2-Nanometer Test Chip Fabrication Breakthrough,"A global semiconductor research consortium including leading fabrication laboratories announced successful pilot production of 2-nanometer gate-all-around field-effect transistor test chips, improving power efficiency by 30 percent.",reliable
PRESIDENT REPLACED BY CLONE ROBOT CONTROLLED BY HOLLYWOOD ELITES!,UNMASKED AT LAST! Biometric forensic experts discover undeniable video glitches proving the current president is a synthetic android clone operated by Hollywood producers from an underground bunker! Wake up sheeple!,unreliable
Epidemiologists Report Sustained Decline in Global Measles Transmission via Immunization,Global surveillance data published in Morbidity and Mortality Weekly Report shows measles incidence decreased by 67 percent across regions implementing multi-dose supplementary immunization campaigns supported by Gavi and UNICEF.,reliable
INSTANT 1000000 DOLLARS DEPOSITED IN BANK ACCOUNTS OF ALL CITIZENS WHO CLICK THIS LINK!,FREE MONEY ALERT! The government has activated a secret financial stimulus giveaway providing one million tax-free dollars to every person who verifies their social security number on this secure registration portal right now!,unreliable
Geologists Map Massive Subsurface Fresh Water Aquifer in Arid Coastal Region,"Hydrogeological surveys utilizing airborne electromagnetic mapping identified a 120-cubic-kilometer fossil groundwater aquifer beneath coastal sedimentary basins, potentially providing fresh water resources for agricultural irrigation.",reliable
MOON IS ACTUALLY A HOLLOW ALIEN SURVEILLANCE DRONE HOAX REVEALED!,NASA ADMITS THE LIE! Declassified seismic telemetry proves the Moon is a hollow metallic construct housing extraterrestrial surveillance arrays to monitor humanity! All Apollo landings were staged on soundstages!,unreliable
Neuroscientists Map Synaptic Connectivity of Complete Fruit Fly Brain in High Resolution,"In a milestone published in Nature, the FlyWire consortium completed the connectome map of the adult Drosophila melanogaster brain, tracing 139,255 neurons and more than 50 million individual synaptic connections using automated electron microscopy.",reliable
